"DNP","Qty","Reference","Value","Footprint","MFR","MPN","DST","DPN","Description","Datasheet"
"","4","AT1,AT2,AT3,AT4","10dB","oresat-passives:PAT0816(0603)","Susumu","PAT0816-C-10DB-T5","DigiKey","408-2208-1-ND","RF Attenuators 10dB 0Hz ~ 10GHz 50 Ohms 64mW 0603 (1608 Metric)","https://www.susumu.co.jp/common/pdf/n_catalog_partition16_en.pdf"
"","1","BZ1","SMT-0440-S-R","oresat-misc:SMT-0440-S-R","PUI Audio, Inc.","SMT-0440-S-R","DigiKey","668-1488-1-ND","Buzzers Transducer, Externally Driven Electromechanical/Magnetic 3 V 90mA 4kHz 70dB @ 3V, 10cm Surface Mount Solder Pads","https://puiaudio.com/file/specs-SMT-0440-S-R.pdf"
"","3","C1,C2,C11","22p","oresat-passives:0402-B-NOSILK","KEMET","CBR04C220J5GACAUTO","DigiKey","399-CBR04C220J5GACAUTOCT-ND","22 pF ±5% 50V Ceramic Capacitor C0G, NP0 0402 (1005 Metric)","https://content.kemet.com/datasheets/KEM_C1121_CBR_AUTO.pdf"
"","1","C3","47n","oresat-passives:0603-C-NOSILK","KEMET","C0603C473K5RACAUTO","DigiKey","399-6820-1-ND","0.047 µF ±10% 50V Ceramic Capacitor X7R 0603 (1608 Metric)","https://search.kemet.com/download/specsheet/C0603C473K5RACAUTO"
"","12","C4,C42,C58,C67,C84,C96,C118,C119,C120,C143,C144,C145","100p","oresat-passives:0402-B-NOSILK","KEMET","C0402C101J5GACAUTO","DigiKey","399-6823-1-ND","100pF ±5% 50V Ceramic Capacitor C0G, NP0 0402 (1005 Metric)",""
"","13","C5,C16,C25,C47,C52,C53,C61,C110,C111,C112,C113,C114,C140","10u","oresat-passives:0805-C-NOSILK","Murata Electronics","GRT21BC71E106KE13K","DigiKey","490-GRT21BC71E106KE13KCT-ND","10 µF ±10% 25V Ceramic Capacitor X7S 0805 (2012 Metric)","https://search.murata.co.jp/Ceramy/image/img/A01X/G101/ENG/GRT21BC71E106KE13-01.pdf"
"","13","C6,C13,C14,C34,C35,C36,C74,C93,C123,C126,C127,C132,C139","22u","Capacitor_SMD:C_1210_3225Metric","Taiyo Yuden","TMK325B7226KMHP","DigiKey","587-5949-1-ND","22 µF ±10% 25V Ceramic Capacitor X7R 1210 (3225 Metric)","https://mm.digikey.com/Volume0/opasdata/d220001/medias/docus/21/TMK325B7226KMHP_SS.pdf"
"","42","C7,C15,C17,C18,C30,C32,C33,C39,C43,C44,C45,C46,C48,C56,C57,C60,C65,C68,C78,C81,C82,C88,C89,C90,C91,C92,C102,C106,C116,C117,C124,C128,C131,C133,C134,C136,C141,C147,C151,C152,C153,C164","100n","oresat-passives:0603-C-NOSILK","KEMET","C0603C104K5RACAUTO","DigiKey","399-6856-1-ND","0.1 µF ±10% 50V Ceramic Capacitor X7R 0603 (1608 Metric)","https://search.kemet.com/download/specsheet/C0603C104K5RACAUTO"
"","19","C8,C19,C20,C21,C22,C23,C24,C49,C79,C97,C100,C101,C121,C129,C130,C135,C137,C138,C142","1u","oresat-passives:0603-C-NOSILK","Murata Electronics","GRT188R71E105KE13D","DigiKey","490-GRT188R71E105KE13DCT-ND","1 µF ±10% 25V Ceramic Capacitor X7R 0603 (1608 Metric)","https://search.murata.co.jp/Ceramy/image/img/A01X/G101/ENG/GRT188R71E105KE13-01.pdf"
"","1","C9","3p","oresat-passives:0402-B-NOSILK","Murata Electronics","GCQ1555C1H3R0CB01D","DigiKey","490-17461-1-ND","3pF ±0.25pF 50V Ceramic Capacitor C0G, NP0 0402 (1005 Metric)",""
"","2","C10,C125","2.2u","oresat-passives:0603-C-NOSILK","Murata Electronics","GRT188C71E225KE13D","DigiKey","490-GRT188C71E225KE13DCT-ND","2.2 µF ±10% 25V Ceramic Capacitor X7S 0603 (1608 Metric)","https://search.murata.co.jp/Ceramy/image/img/A01X/G101/ENG/GRT188C71E225KE13-01.pdf"
"","3","C26,C27,C70","10p","oresat-passives:0603-C-NOSILK","KEMET","C0603C100J1GACAUTO","DigiKey","399-16015-1-ND","10 pF ±5% 100V Ceramic Capacitor C0G, NP0 0603 (1608 Metric)","https://www.yageogroup.com/content/datasheet/asset/file/KEM_C1022_C0G_AUTO_SMD"
"","2","C28,C29","18p","oresat-passives:0603-C-NOSILK","KEMET","C0603C180F5GACAUTO","DigiKey","399-C0603C180F5GACAUTOCT-ND","18 pF ±1% 50V Ceramic Capacitor C0G, NP0 0603 (1608 Metric)",""
"","1","C31","1n","oresat-passives:0603-C-NOSILK","KEMET","C0603C102J5RACAUTO","DigiKey","399-12989-1-ND","1000 pF ±5% 50V Ceramic Capacitor X7R 0603 (1608 Metric)","https://www.yageogroup.com/content/datasheet/asset/file/KEM_C1023_X7R_AUTO_SMD"
"","2","C40,C103","4.7n","oresat-passives:0603-C-NOSILK","KEMET","C0603C472K5RACAUTO","DigiKey","399-6896-1-ND","4700 pF ±10% 50V Ceramic Capacitor X7R 0603 (1608 Metric)","https://search.kemet.com/download/specsheet/C0603C472K5RACAUTO"
"","2","C41,C71","18p","oresat-passives:0402-B-NOSILK","KEMET","CBR04C180J5GACAUTO","DigiKey","399-CBR04C180J5GACAUTOCT-ND","18 pF ±5% 50V Ceramic Capacitor C0G, NP0 0402 (1005 Metric)","https://content.kemet.com/datasheets/KEM_C1121_CBR_AUTO.pdf"
"","3","C50,C51,C66","22n","oresat-passives:0603-C-NOSILK","KEMET","C0603C223K1RACAUTO","DigiKey","399-6872-1-ND","0.022 µF ±10% 100V Ceramic Capacitor X7R 0603 (1608 Metric)",""
"","1","C54","560p","oresat-passives:0402-B-NOSILK","KEMET","C0402C561J5GACAUTO","DigiKey","399-15868-1-ND","560pF ±5% 50V Ceramic Capacitor C0G, NP0 0402 (1005 Metric)",""
"","2","C55,C86","8.2p","oresat-passives:0402-B-NOSILK","Murata","GCQ1555C1H8R2BB01D","DigiKey","490-17515-1-ND","8.2 pF ±0.1pF 50V Ceramic Capacitor C0G, NP0 0402 (1005 Metric)",""
"","2","C59,C69","1n","oresat-passives:0402-B-NOSILK","KEMET","C0402C102J3GACAUTO","DigiKey","399-C0402C102J3GACAUTOCT-ND","1 nF (1000pF) ±5% 25V Ceramic Capacitor C0G, NP0 0402 (1005 Metric)",""
"","3","C62,C64,C161","100p","oresat-passives:0603-C-NOSILK","KEMET","C0603C101K5HACAUTO","DigiKey","399-C0603C101K5HACAUTOCT-ND","100 pF ±10% 50V Ceramic Capacitor X8R 0603 (1608 Metric)","https://www.yageogroup.com/content/datasheet/asset/file/KEM_C1007_X8R_ULTRA_150C_SMD"
"","1","C83","27p","oresat-passives:0402-B-NOSILK","KEMET","C0402C270J5GACAUTO","DigiKey","399-15841-1-ND","27pF ±5% 50V Ceramic Capacitor C0G, NP0 0402 (1005 Metric)",""
"","2","C85,C87","3.9p","oresat-passives:0402-B-NOSILK","Murata Electronics","GCQ1555C1H3R9WB01D","DigiKey","490-GCQ1555C1H3R9WB01DCT-ND","3.9 pF ±0.05pF 50V Ceramic Capacitor C0G, NP0 0402 (1005 Metric)",""
"","2","C99,C122","10n","oresat-passives:0603-C-NOSILK","KEMET","C0603C103J5RACAUTO","DigiKey","399-12983-1-ND","10000 pF ±5% 50V Ceramic Capacitor X7R 0603 (1608 Metric)","https://www.yageogroup.com/content/datasheet/asset/file/KEM_C1023_X7R_AUTO_SMD"
"","3","C107,C108,C109","220u","Capacitor_Tantalum_SMD:CP_EIA-7343-31_Kemet-D","KYOCERA AVX","TBJE227K016LBSZ0000","Mouser","581-TBJE227K016LBSZ0","220µF Molded Tantalum Capacitors 16V 2917 (7343 Metric) - SPECIAL","https://www.mouser.com/catalog/specsheets/KYOCERA_FINAL%20Catalog%20Datasheet.pdf"
"","1","C115","100u","Capacitor_SMD:C_1210_3225Metric","Murata Electronics","GRT32ER60J107ME13L","DigiKey","490-12498-1-ND","100µF ±20% 6.3V Ceramic Capacitor X5R 1210 (3225 Metric)",""
"","5","D1,D3,D10,D13,D16","1N4151WS","Diode_SMD:D_SOD-323","Vishay","1N4151WS-E3-08","DigiKey","112-1N4151WS-E3-08CT-ND","Diode Standard 50V 150mA Surface Mount SOD-323","https://www.vishay.com/docs/85847/1n4151ws.pdf"
"","4","D2,D8,D11,D12","GREEN","LED_SMD:LED_0603_1608Metric","Wurth","150060GS75000","DigiKey","732-4971-1-ND","Light emitting diode, small symbol, filled shape",""
"","4","D4,D5,D6,D7","BLUE","LED_SMD:LED_0603_1608Metric","Wurth","150060BS75000","DigiKey","732-4966-1-ND","Light emitting diode, small symbol, filled shape",""
"","2","D9,D17","AMBER","LED_SMD:LED_0603_1608Metric","Wurth","150060AS75000","DigiKey","732-150060AS75000CT-ND","Amber 605nm LED Indication - Discrete 2V 0603 (1608 Metric) - 120 mA @ 20 mA","https://www.we-online.com/catalog/datasheet/150060AS75000.pdf"
"","1","D15","RED","LED_SMD:LED_0603_1608Metric","Wurth","150060RS75000","DigiKey","732-4978-1-ND","Red 625nm LED Indication - Discrete 2V 0603 (1608 Metric) - 250 mcd @ 20 mA","https://www.we-online.com/components/products/datasheet/150060RS75000.pdf"
"","2","FB2,FB3","BLM21PG331SN1D","Resistor_SMD:R_0805_2012Metric","Murata Electronics","BLM21PG331SN1D","DigiKey","490-5988-1-ND","330 Ohms @ 100 MHz 1 Power Line Ferrite Bead 0805 (2012 Metric) 1.5A 70mOhm","https://pim.murata.com/asset/pim4/ferriteBeadInductortypefilter/ENFA0005_PDF_FERRITEBEADINDUCTORTYPEFILTER?lastModifiedDatetime=20260105172120"
"","2","FL1,FL2","RF1419D","Filter:Filter_SAW-8_3.8x3.8mm","RFMi","RF1419D","DigiKey","2410-RF1419D-ND","403.5MHz Frequency General Purpose RF SAW Filter (Surface Acoustic Wave) 1.6dB 7.5MHz Bandwidth 8-SMD, No Lead","http://www.rfmi.co/pdf/Datasheet/rf1419d.pdf"
"","1","FL3","Qorvo 856930","oresat-ics:856930-saw-filter","Qorvo","856930","Mouser","772-856930","Filter - SAW, 457.5 MHz, 15 MHz","https://www.qorvo.com/products/d/da003067"
"","3","FL4,FL5,FL6","BP0805A1308","oresat-ics:BP0805","AVX Corp","BP0805A1308ASTR","DigiKey","478-12187-1-ND","1.308GHz Frequency Band Pass RF Filter (Radio Frequency) 200MHz Bandwidth 1.2dB 0805 (2012 Metric), 4 PC Pad","https://media.digikey.com/pdf/Data%20Sheets/AVX%20PDFs/BP0805_Series_DS.pdf"
"","1","J1","TFM-120-01-L-D-RA","oresat-connectors:J-SAMTEC-TFM-120-X1-XXX-D-RA","Samtec","TFM-120-01-L-D-RA","DigiKey","SAM10145-ND","Connector Header Through Hole, Right Angle 40 position 0.050"" (1.27mm)","https://suddendocs.samtec.com/catalog_english/tfm.pdf"
"","2","J3,J4","2477330-1","oresat-connectors:J-MOLEX-SMPM-073300-002X","TE Connectivity Linx","2477330-1","DigiKey","343-2477330-1CT-ND","SMPM Connector Plug, Male Pin 50 Ohms Board Edge, Cutout; Surface Mount Solder","https://www.te.com/commerce/DocumentDelivery/DDEController?Action=srchrtrv&DocNm=SMPM_Connectors_Product_Extension-en&DocType=Data+Sheet&DocLang=English&DocFormat=pdf&PartCntxt=2477330-1"
"","1","J5","DM3BT-DSF-PEJS","oresat-connectors:J-Hirose-DM3BT-DSF-PEJS","Hirose","DM3BT-DSF-PEJS","DigiKey","HR1942CT-ND","Micro SD Card Connector Push-Push R/A","https://www.hirose.com/product/document?clcode=CL0609-0033-6-00&productname=DM3AT-SF-PEJ2M5&series=DM3&documenttype=Catalog&lang=en&documentid=D49662_en"
"","1","J7","GRPB041VWVN-RC","Connector_PinHeader_1.27mm:PinHeader_1x04_P1.27mm_Vertical","Sullins Connector Solutions","GRPB041VWVN-RC","DigiKey","S9014E-04-ND","Connector Header Through Hole 4 position 0.050"" (1.27mm)","https://s3.amazonaws.com/catalogspreads-pdf/PAGE94-95%20.050%20MALE%20HDR%20ST%20RA%20SMT.pdf"
"","1","J8","SM14B-SHLS-TF","oresat-connectors:J-JST-SM14BSHLSTF","JST","SM14B-SHLS-TF","DigiKey","455-SM14B-SHLS-TFCT-ND","Connector Header Surface Mount, Right Angle 14 position 0.039"" (1.00mm)","https://www.jst-mfg.com/product/pdf/eng/eSHL.pdf"
"","2","L1,L21","3.3u","oresat-passives:L_ECS-MPI4040","ECS","ECS-MPI4040R3-3R3-R","DigiKey","XC2333CT-ND","3.3 µH Shielded Inductor 3 A 60mOhm Nonstandard","https://ecsxtal.com/store/pdf/ECS-MPI4040.pdf"
"","2","L2,L3","22n","Inductor_SMD:L_0603_1608Metric","Murata Electronics","LQW18AN22NG0ZD","DigiKey","490-16284-1-ND","22nH Unshielded Wirewound Inductor 500mA 300mOhm 0603 (1608 Metric)",""
"","4","L4,L11,L17,L18","18n","Inductor_SMD:L_0402_1005Metric","Delta Electronics/Components","0402HP-18NXGL","DigiKey","2035-1083-1-ND","18nH Unshielded Wirewound Inductor 900mA 120mOhm 0402 (1005 Metric)",""
"","1","L10","3.9n","Inductor_SMD:L_0402_1005Metric","Coilcraft","0402CS-3N9XGL","Mouser","994-0402CS-3N9XGLW","3.9nH Fixed Inductors 0402 (1005) Unshld 2% 840mA 66mOhms AECQ2",""
"","1","L12","10n","Inductor_SMD:L_0603_1608Metric","Murata Electronics","LQW18AN10NG00D","DigiKey","490-6857-1-ND","10 nH Unshielded Drum Core, Wirewound Inductor 800 mA 58mOhm Max 0603 (1608 Metric)",""
"","1","L13","4.1n","Inductor_SMD:L_0402_1005Metric","Murata Electronics","LQW15AN4N1B00D","DigiKey","490-6821-1-ND","4.1nH Unshielded Wirewound Inductor 750mA 70mOhm Max 0402 (1005 Metric)",""
"","1","L20","22n","Inductor_SMD:L_0805_2012Metric","Murata Electronics","LQW2BAN22NG00L","DigiKey","490-16027-1-ND","22nH Unshielded Wirewound Inductor 1.9A 70mOhm Max 0805 (2015 Metric)",""
"","2","L22,L26","68n","Inductor_SMD:L_0603_1608Metric","Murata Electronics","LQW18AN68NG8ZD","DigiKey","490-15724-1-ND","68 nH Unshielded Drum Core, Wirewound Inductor 630 mA 380mOhm Max 0603 (1608 Metric)",""
"","2","L23,L24","6.8u","oresat-passives:L_ECS-MPI4040","ECS Inc.","ECS-MPI4040R4-6R8-R","DigiKey","XC2337CT-ND","6.8µH Shielded Inductor 2.4A 91mOhm Nonstandard","https://ecsxtal.com/store/pdf/ECS-MPI4040.pdf"
"","1","PCB1","ORESAT-CARD-V1.3-GENERIC-1RF-POS2","oresat-pcbs:ORESAT-CARD-V1.3-2RF-RIGHT","N/A","N/A","N/A","N/A","C3 v7.0 Card","N/A"
"","2","Q1,Q3","DMP2035UQ-7","Package_TO_SOT_SMD:SOT-23","Diodes Incorporated","DMP2035UQ-7","DigiKey","31-DMP2035UQ-7CT-ND","P-Channel 20 V 4.9A (Ta) 810mW (Ta) Surface Mount SOT-23-3 (TO-236)","https://www.diodes.com/assets/Datasheets/DMP2035U.pdf"
"","2","Q2,Q4","DMN3028LQ-7","Package_TO_SOT_SMD:SOT-23-3","Diodes Incorporated","DMN3028LQ-7","DigiKey","31-DMN3028LQ-7CT-ND","N-Channel 30 V 6.2A (Ta) 860mW (Ta) Surface Mount SOT-23-3 (TO-236)","https://www.diodes.com/assets/Datasheets/DMN3028LQ.pdf"
"","1","Q6","MMBT2907","Package_TO_SOT_SMD:SOT-23","Nexperia","PMBT2907A,215","DigiKey","1727-2958-1-ND","Bipolar (BJT) Transistor PNP 60 V 600 mA 200MHz 250 mW Surface Mount TO-236AB","https://assets.nexperia.com/documents/data-sheet/PMBT2907A.pdf"
"","40","R1,R3,R13,R15,R16,R20,R21,R23,R24,R30,R32,R33,R34,R35,R38,R39,R42,R43,R44,R45,R49,R50,R51,R53,R54,R57,R66,R75,R76,R77,R78,R79,R81,R85,R86,R90,R95,R107,R115,R122","10k","oresat-passives:0603-C-NOSILK","Stackpole Electronics","RMCF0603FT10K0","DigiKey","RMCF0603FT10K0CT-ND","10 kOhms ±1% 0.1W, 1/10W Chip Resistor 0603 (1608 Metric) Automotive AEC-Q200 Thick Film","https://www.seielect.com/catalog/SEI-RMCF_RMCP.pdf"
"","4","R2,R52,R83,R113","22k","oresat-passives:0603-C-NOSILK","Stackpole Electronics Inc","RMCF0603FT22K0","DigiKey","RMCF0603FT22K0CT-ND","22 kOhms ±1% 0.1W, 1/10W Chip Resistor 0603 (1608 Metric) Automotive AEC-Q200 Thick Film","https://www.seielect.com/catalog/SEI-RMCF_RMCP.pdf"
"","8","R4,R11,R17,R18,R68,R80,R92,R93","4.7k","oresat-passives:0603-C-NOSILK","Stackpole Electronics Inc","RMCF0603FT4K70","DigiKey","RMCF0603FT4K70CT-ND","4.7 kOhms ±1% 0.1W, 1/10W Chip Resistor 0603 (1608 Metric) Automotive AEC-Q200 Thick Film","https://www.seielect.com/catalog/SEI-RMCF_RMCP.pdf"
"","12","R5,R28,R29,R41,R60,R61,R62,R64,R88,R89,R103,R108","100k","oresat-passives:0603-C-NOSILK","Stackpole Electronics","RMCF0603FT100K","DigiKey","RMCF0603FT100KCT-ND","100 kOhms ±1% 0.1W, 1/10W Chip Resistor 0603 (1608 Metric) Automotive AEC-Q200 Thick Film","https://www.seielect.com/catalog/SEI-RMCF_RMCP.pdf"
"","2","R6,R48","75","oresat-passives:0603-C-NOSILK","Stackpole Electronics Inc","RMCF0603FT75R0","DigiKey","RMCF0603FT75R0CT-ND","75 Ohms ±1% 0.1W, 1/10W Chip Resistor 0603 (1608 Metric) Automotive AEC-Q200 Thick Film","https://www.seielect.com/catalog/SEI-RMCF_RMCP.pdf"
"","7","R7,R8,R9,R10,R65,R112,R114","47k","oresat-passives:0603-C-NOSILK","Stackpole Electronics Inc","RMCF0603FT47K0","DigiKey","RMCF0603FT47K0CT-ND","47 kOhms ±1% 0.1W, 1/10W Chip Resistor 0603 (1608 Metric) Automotive AEC-Q200 Thick Film","https://www.seielect.com/catalog/SEI-RMCF_RMCP.pdf"
"","2","R12,R19","50","oresat-passives:0402-B-NOSILK","Vishay Sfernice","CH0402-50RJNPA","DigiKey","716-1160-1-ND","50 Ohms ±5% 0.05W, 1/20W Chip Resistor 0402 (1005 Metric) RF, High Frequency Thin Film","https://www.vishay.com/docs/53014/ch.pdf"
"","3","R14,R84,R123","5.6k","oresat-passives:0603-C-NOSILK","Stackpole Electronics Inc","RMCF0603FT5K60","DigiKey","RMCF0603FT5K60CT-ND","5.6 kOhms ±1% 0.1W, 1/10W Chip Resistor 0603 (1608 Metric) Automotive AEC-Q200 Thick Film","https://www.seielect.com/catalog/SEI-RMCF_RMCP.pdf"
"","4","R22,R25,R26,R27","0","oresat-passives:0603-C-NOSILK","Stackpole Electronics","RMCF0603ZT0R00","DigiKey","RMCF0603ZT0R00CT-ND","0 Ohms Jumper Chip Resistor 0603 (1608 Metric) Automotive AEC-Q200 Thick Film","https://www.seielect.com/catalog/SEI-RMCF_RMCP.pdf"
"","1","R31","10 (1206)","oresat-passives:1206-C","Stackpole Electronics Inc","RMCF1206FT10R0","DigiKey","RMCF1206FT10R0CT-ND","10 Ohms ±1% 0.25W, 1/4W Chip Resistor 1206 (3216 Metric) Automotive AEC-Q200 Thick Film","https://www.seielect.com/catalog/SEI-RMCF_RMCP.pdf"
"","4","R36,R37,R40,R125","3.0k","oresat-passives:0603-C-NOSILK","Stackpole Electronics Inc","RMCF0603FT3K00","DigiKey","RMCF0603FT3K00CT-ND","3 kOhms ±1% 0.1W, 1/10W Chip Resistor 0603 (1608 Metric) Automotive AEC-Q200 Thick Film","https://www.seielect.com/catalog/SEI-RMCF_RMCP.pdf"
"","1","R47","1M","oresat-passives:0603-C-NOSILK","Stackpole Electronics Inc","RMCF0603FG1M00","DigiKey","RMCF0603FG1M00CT-ND","1 MOhms ±1% 0.1W, 1/10W Chip Resistor 0603 (1608 Metric) Automotive AEC-Q200 Thick Film","https://www.seielect.com/catalog/SEI-RMCF_RMCP.pdf"
"","2","R55,R82","499","oresat-passives:0603-C-NOSILK","Stackpole Electronics Inc","RMCF0603FT499R","DigiKey","RMCF0603FT499RCT-ND","499 Ohms ±1% 0.1W, 1/10W Chip Resistor 0603 (1608 Metric) Automotive AEC-Q200 Thick Film","https://www.seielect.com/catalog/SEI-RMCF_RMCP.pdf"
"","1","R56","40.2k","oresat-passives:0603-C-NOSILK","Stackpole Electronics Inc","RMCF0603FT40K2","DigiKey","RMCF0603FT40K2CT-ND","40.2 kOhms ±1% 0.1W, 1/10W Chip Resistor 0603 (1608 Metric) Automotive AEC-Q200 Thick Film","https://www.seielect.com/catalog/SEI-RMCF_RMCP.pdf"
"","4","R58,R59,R87,R106","1k","oresat-passives:0603-C-NOSILK","Stackpole Electronics Inc","RMCF0603FT1K00","DigiKey","RMCF0603FT1K00CT-ND","1 kOhms ±1% 0.1W, 1/10W Chip Resistor 0603 (1608 Metric) Automotive AEC-Q200 Thick Film","https://www.seielect.com/catalog/SEI-RMCF_RMCP.pdf"
"","1","R63","4.7M","oresat-passives:0603-C-NOSILK","Stackpole Electronics Inc","RMCF0603FT4M70","DigiKey","RMCF0603FT4M70CT-ND","4.7 MOhms ±1% 0.1W, 1/10W Chip Resistor 0603 (1608 Metric) Automotive AEC-Q200 Thick Film","https://www.seielect.com/catalog/SEI-RMCF_RMCP.pdf"
"","4","R67,R91,R94,R111","150","oresat-passives:0603-C-NOSILK","Stackpole Electronics Inc","RMCF0603FT150R","DigiKey","RMCF0603FT150RCT-ND","150 Ohms ±1% 0.1W, 1/10W Chip Resistor 0603 (1608 Metric) Automotive AEC-Q200 Thick Film","https://www.seielect.com/catalog/SEI-RMCF_RMCP.pdf"
"","3","R69,R70,R71","10k","oresat-passives:Panasonic_Resistor_Array_EXBA10","Panasonic Electronic Components","EXB-A10P103J","DigiKey","U7103CT-ND","10k Ohm ±5% 62.5mW Power Per Element Bussed 8 Resistor Network/Array ±200ppm/°C 2512 (6432 Metric), Concave, Long Side Terminals","http://www.vishay.com/docs/31509/csc.pdf"
"","3","R72,R73,R74","47k","oresat-passives:Panasonic_Resistor_Array_EXBA10","Panasonic Electronic Components","EXB-A10P473J","DigiKey","U7473CT-ND","47k Ohm ±5% 62.5mW Power Per Element Bussed 8 Resistor Network/Array ±200ppm/°C 2512 (6432 Metric), Concave, Long Side Terminals","http://www.vishay.com/docs/31509/csc.pdf"
"","1","R109","15k","oresat-passives:0603-C-NOSILK","Stackpole Electronics Inc","RMCF0603FT15K0","DigiKey","RMCF0603FT15K0CT-ND","15 kOhms ±1% 0.1W, 1/10W Chip Resistor 0603 (1608 Metric) Automotive AEC-Q200 Thick Film","https://www.seielect.com/catalog/SEI-RMCF_RMCP.pdf"
"","1","U1","OSD3358-1G-ISM","oresat-ics:U-Octavo-OSD335X-BGA-256","Octavo Systems","OSD3358-512M-BSM","DigiKey","1676-OSD3358-1G-ISM-ND","OSD335x Embedded Module 1GHz 512MB","https://octavosystems.com/docs/osd335x-sm-datasheet/"
"","1","U4","BGB741L7ESD","oresat-ics:Infineon-PG-TSLP-7-LNA","Infineon Technologies","BGB741L7ESDE6327XTSA1‎","DigiKey","BGB741L7ESDE6327XTSA1CT-ND","High Performance LNAs","https://www.infineon.com/dgdl/Infineon-BGB741L7ESD-DataSheet-v03_01-EN.pdf?fileId=5546d46265f064ff016638972c994ed7"
"","2","U6,U36","LTC3624-5","oresat-ics:DFN-8-1EP_3x3mm_P0.5mm_EP1.65x2.38mm_ThermalVias0.3mm","Analog Devices Inc.","LTC3624IDD-5#PBF","DigiKey","LTC3624IDD-5#PBF-ND","Buck Switching Regulator IC Positive Fixed 5V 1 Output 2A 8-WFDFN Exposed Pad","https://www.analog.com/media/en/technical-documentation/data-sheets/36242fd.pdf"
"","1","U7","MAC-24+","oresat-ics:MAC-24+","Mini-Circuits","MAC-24+","Mini-Circuits","MAC-24+","RF Mixer, Diode Ring, 0.3 - 12 GHz","https://www.minicircuits.com/pdfs/MAC-24+.pdf"
"","2","U8,U39","TCAN330","Package_TO_SOT_SMD:SOT-23-8","Texas Instruments","TCAN330GDCNT","DigiKey","296-44211-1-ND","1/1 Transceiver CANbus SOT-23-8","http://www.ti.com/lit/ds/symlink/tcan337.pdf"
"","1","U9","SFEM016GB1EA1TO-I-GE-121-STD","oresat-ics:BGA-153(11.5X13)(EMMC-BA)","Swissbit","SFEM064GB2ED1TO-A-6F-111-STD","Mouser","922-608635","eMMC Industrial Embedded MMC, EM-30 (153-b), 64 GB, 3D TLC Flash, -40C to +105C","https://www.micron.com/products/managed-nand/emmc/part-catalog/mtfc32gazaqhd-it?login"
"","1","U10","SN74AUC1G07DCKR","Package_TO_SOT_SMD:SOT-353_SC-70-5","Texas Instruments ","SN74AUC1G07DCKR","DigiKey","296-12464-1-ND","Single Buffer, SC-70-5","https://www.ti.com/lit/ds/symlink/sn74lvc1g07.pdf"
"","2","U11,U12","RCLAMP0504FB","Package_TO_SOT_SMD:SOT-363_SC-70-6","Semtech Corporation","RCLAMP0504FBTCT","DigiKey","RCLAMP0504FBTCTCT-ND","17.5V Clamp 28A (8/20µs) Ipp Tvs Diode Surface Mount SC-70-6","https://semtech.my.salesforce.com/sfc/p/#E0000000JelG/a/440000001NC4/stkwt9TLwnuFEcETp_EuKKu8Zq_5VZ02wBJYU8lO8Hs"
"","1","U13","MAX892LEUA+T","oresat-ics:LINEAR-MSOP-8-AND-MAXIM-UMAX-8-21-0036","Maxim Integrated","MAX892LEUA+T","DigiKey","MAX892LEUA+-ND","Power Switch ICs - Power Distribution Current-Limited, High-Side P-Channel Switches with Thermal Shutdown","https://www.analog.com/media/en/technical-documentation/data-sheets/MAX891L-MAX892L.pdf"
"","1","U14","TLVH431","Package_TO_SOT_SMD:SOT-23","Texas Instruments","TLVH431BCDBZT","DigiKey","296-17979-1-ND","Shunt Voltage Reference IC Adjustable 1.24V 18 VV ±0.5% 70 mA SOT-23-3","https://www.ti.com/lit/ds/symlink/tlvh431a.pdf?ts=1658837968660&ref_url=https%253A%252F%252Fwww.google.com%252F"
"","2","U16,U44","AT86RF215","Package_DFN_QFN:QFN-48-1EP_7x7mm_P0.5mm_EP5.6x5.6mm","Microchip","AT86RF215-ZUR","DigiKey","AT86RF215-ZURCT-ND","IC RF TxRx Only 802.15.4, General ISM < 1GHz 389.5MHz ~ 510MHz, 779MHz ~ 1.02GHz, 2.4GHz 48-VFQFN Exposed Pad","https://ww1.microchip.com/downloads/aemDocuments/documents/OTH/ProductDocuments/DataSheets/Atmel-42415-WIRELESS-AT86RF215_Datasheet.pdf"
"","1","U17","SI4112-GM","Package_DFN_QFN:QFN-28-1EP_5x5mm_P0.5mm_EP3.35x3.35mm_ThermalVias","Silicon Labs","SI4112-D-GM","Mouser","634-SI4112-D-GM","RF Synthesizer w/ integrated VCOs (IF OUT)","https://www.skyworksinc.com/-/media/Skyworks/SL/documents/public/data-sheets/si4133.pdf"
"","2","U18,U22","LT5534","Package_TO_SOT_SMD:SOT-363_SC-70-6","Analog Devices Inc","LT5534ESC6#TRPBF","DigiKey","LT5534ESC6#TRPBFCT-ND","RF Detector IC Broadcast Television 50MHz ~ 3GHz -63dBm ~ -3dBm ±1dB 6-VSSOP, SC-88, SOT-363","https://www.analog.com/media/en/technical-documentation/data-sheets/5534fc.pdf"
"","1","U19","BDCN-20-13+","oresat-ics:BDCN-20-13+","Mini-Circuits","BDCN-20-13+","Mouser","139-BDCN-20-13","Bi-Directional Coupler / Signal Conditioning BI-DIR COUP / SURF MT / RoHS","https://www.mouser.com/datasheet/2/1030/BDCN_20_13_2b-1700116.pdf"
"","2","U20,U47","QPC1022","oresat-ics:QPC1022","Qorvo","QPC1022TR7","Mouser","772-QPC1022TR7","RF Switch ICs 5-6000MHz SPDT IL .25dB Iso 39dB","https://www.mouser.com/datasheet/3/1081/1/QPC1022_Data_Sheet.pdf"
"","1","U21","TQP7M9105","oresat-ics:U-QORVO-TQP7M9105-VIAS","Qorvo","TQP7M9105","Mouser","772-TQP7M9105","RF Amplifier 50-1500Mhz 1W 5V P1dB 30dBm @ 940Mhz","https://www.qorvo.com/products/d/da005665"
"","2","U23,U45","NCS2-62+","oresat-passives:2450FB15A050E_JOT","Mini-Circuits","NCS2-62+","Mouser","139-NCS2-62","Signal Conditioning RF XFMR / SURF MOUNT / RoHS","https://www.minicircuits.com/pdfs/NCS2-62+.pdf"
"","1","U24","RV-3028-C7","Package_SON:MicroCrystal_C7_SON-8_1.5x3.2mm_P0.9mm","Micro Crystal AG","RV-3028-C7 32.768KHZ 1PPM-TA-QA","DigiKey","2195-RV-3028-C732.768KHZ1PPM-TA-QACT-ND","Real Time Clock (RTC) IC Clock/Calendar 2B, 43B I²C 8-WCDFN","https://www.microcrystal.com/fileadmin/Media/Products/RTC/Datasheet/RV-3028-C7.pdf"
"","1","U25","SN74LVC1G11IDCKRQ1","Package_TO_SOT_SMD:Texas_R-PDSO-G6","Texas Instruments","SN74LVC1G11IDCKRQ1","DigiKey","296-36722-1-ND","IC GATE AND 1CH 3-INP SC70-6","https://www.ti.com/lit/ds/symlink/sn74lvc1g11-q1.pdf"
"","1","U26","TLV7041DBV","Package_TO_SOT_SMD:SOT-23-5","Texas Instruments","TLV7041DBVR","DigiKey","296-TLV7041DBVRCT-ND","Single, 1.6V-6.5V, 315nA Quiescent, Open-Drain Output, Comparator, North-west pinout, SOT-23-5","https://www.ti.com/lit/ds/symlink/tlv7041.pdf"
"","1","U27","SN74LVC1G04DCKR","Package_TO_SOT_SMD:SOT-353_SC-70-5","Texas Instruments ","SN74LVC1G04QDCKRQ1","DigiKey","296-22895-1-ND","Inverter IC 1 Channel SC-70-5","https://www.ti.com/lit/ds/symlink/sn74lvc1g04.pdf?ts=1753305682684&ref_url=https%253A%252F%252Fwww.ti.com%252Fproduct%252FSN74LVC1G04"
"","1","U28","TLV1704-SEP","Package_SO:TSSOP-14_4.4x5mm_P0.65mm","Texas Instruments","TLV1704AMPWPSEP","Mouser","595-TLV1704AMPWPSEP","Analog Comparators 2.2-V to 36-V, radiation tolerant microPower quad comparator in space enhanced plastic 14-TSSOP -55 to 125","https://www.ti.com/lit/ds/symlink/tlv1704-sep.pdf"
"","2","U29,U41","TQP3M9036","oresat-ics:U-Qorvo-TQP3M9036-QFN-8-MO-220E","Qorvo","TQP3M9036","Mouser","772-TQP3M9036","RF amplifier (LNA) 400-2000 MHz NF 0.45db","https://www.qorvo.com/products/d/da005543"
"","1","U30","FM24CL64B-GTR","Package_SO:SOIC-8_3.9x4.9mm_P1.27mm","Cypress Semiconductor Corp","FM24CL64B-G","DigiKey","448-FM24CL64B-G-ND","FRAM (Ferroelectric RAM) Memory IC 64Kbit I²C 1 MHz 550 ns 8-SOIC","http://www.cypress.com/file/41651/download"
"","2","U31,U38","LP2985AIM5-3.3","Package_TO_SOT_SMD:SOT-23-5","Texas Instruments","LP2985AIM5-3.3/NOPB","DigiKey","LP2985AIM5-3.3/NOPBCT-ND","Micropower 150-mA Low-Noise Ultra-Low-Dropout Regulator in SOT-23 packages","https://www.ti.com/lit/ds/symlink/lp2985-n.pdf"
"","1","U34","TPS259621DDA","Package_SO:Texas_R-PDSO-G8_EP2.95x4.9mm_Mask2.4x3.1mm_ThermalVias","Texas Instruments","TPS259621DDAT","DigiKey","296-TPS259621DDATCT-ND","TPS259621 - Auto-retry eFuse With Accurate Current Monitor 2A 8-SO PowerPad","https://www.ti.com/lit/ds/symlink/tps2596.pdf"
"","1","U35","TPS259620DDA","Package_SO:Texas_R-PDSO-G8_EP2.95x4.9mm_Mask2.4x3.1mm_ThermalVias","Texas Instruments","TPS259620DDAT","DigiKey","296-TPS259620DDATCT-ND","TPS259620 - Latch-off eFuse With Accurate Current Monitor 2A 8-SO PowerPad","https://www.ti.com/lit/ds/symlink/tps2596.pdf"
"","1","U37","LTC4300A-1","oresat-ics:LINEAR-MSOP-8-AND-MAXIM-UMAX-8-21-0036","Analog Devices","LTC4300A-1IMS8#TRPBF","DigiKey","LTC4300A-1IMS8#TRPBF-ND","IC accelerator I2C hotswap 8MSOP","https://www.analog.com/media/en/technical-documentation/data-sheets/4300a12fa.pdf"
"","1","U40","MAX941EUA+","oresat-ics:LINEAR-MSOP-8-AND-MAXIM-UMAX-8-21-0036","Maximum Integrated","MAX941EUA+","DigiKey","MAX941EUA+-ND","Comparator with Latch, Shutdown CMOS, Push-Pull, TTL 8-uMAX","https://www.analog.com/media/en/technical-documentation/data-sheets/max941-max944.pdf"
"","1","U42","74LVC2G34","Package_TO_SOT_SMD:SOT-363_SC-70-6","Nexperia USA Inc.","74LVC2G34GW-Q100,1","DigiKey","1727-8431-1-ND","Buffer, Non-Inverting 2 Element 1 Bit per Element Push-Pull Output 6-TSSOP","https://assets.nexperia.com/documents/data-sheet/74LVC2G34_Q100.pdf"
"","2","X1,X3","TYETACSANF-26.000000","oresat-ics:X_TCXO_SMD_Taitien_2.5x2.0mm","Taitien","TYETACSANF-26.000000","DigiKey","1664-TYETACSANF-26.000000CT-ND","26 MHz TCXO Clipped Sine Wave Oscillator 2.8V ~ 3.3V 4-SMD, No Lead","https://www.taitien.com/wp-content/uploads/2015/12/XO-0081_TY.pdf"
"","1","Y1","ECS-240-12-30BQ-AEN-TR","oresat-passives:CRYSTAL-5X3.2-4SMD","ECS Inc","ECS-240-12-30BQ-AEN-TR","DigiKey","XC2580CT-ND","CRYSTAL 24.0000MHZ 12PF SMD","https://ecsxtal.com/store/pdf/ECX-53BQ.pdf"
"","1","Y2","ABS07-32.768KHZ-T","oresat-passives:CRYSTAL_3.2X1.5","Abracon LLC","ABS07-32.768KHZ-T","DigiKey","535-9542-1-ND","32.768 kHz ±20ppm Crystal 12.5pF 70 kOhms 2-SMD, No Lead","https://abracon.com/Resonators/ABS07.pdf"
